<?xml version="1.0" encoding="UTF-8"?>

<!-- File written by Update manager 2.0 -->
<!-- comments in this file are not preserved -->

<configuration date="1537418912561" timeline="1494576907546" >
   <site url="file:C:/Program Files (x86)/IBM/WebSphere Studio/Application Developer/v5.1.2/wstools/eclipse/"
      platformURL="file:C:/Program Files (x86)/IBM/WebSphere Studio/Application Developer/v5.1.2/wstools/eclipse/"
      enable="true"
      policy="1" >
      <feature configured = "true" url="features/com.ibm.etools.websphere.base.v51.core.feature_5.1.2/" />
      <feature configured = "true" url="features/com.ibm.etools.webservices.uddi.registry.feature_5.1.2/" />
      <feature configured = "true" url="features/com.ibm.etools.security.feature_5.1.2/" />
      <feature configured = "true" url="features/com.ibm.etools.jve.feature_5.1.2/" />
      <feature configured = "true" url="features/com.ibm.etools.web.tools.v4.feature_5.1.2/" />
      <feature configured = "true" url="features/com.ibm.etools.websphere.common.feature_5.1.2/" />
      <feature configured = "true" url="features/com.ibm.etools.serverattach.v5_5.1.1/" />
      <feature configured = "true" url="features/com.ibm.faq.db2-faqs_1.0.1/" />
      <feature configured = "true" url="features/com.ibm.etools.association.engine.feature_5.1.2/" />
      <feature configured = "true" url="features/com.ibm.wsad.prod_5.1.2/" />
      <feature configured = "true" url="features/com.ibm.etools.tomcat.feature_5.1.2/" />
      <feature configured = "true" url="features/com.ibm.etools.web.tools.core.feature_5.1.2/" />
      <feature configured = "true" url="features/com.ibm.etools.serverattach.express_5.1.1/" />
      <feature configured = "true" url="features/com.ibm.etools.websphere.v5.feature_5.1.2/" />
      <feature configured = "true" url="features/com.ibm.etools.websphere.v4.feature_5.1.2/" />
      <feature configured = "true" url="features/com.ibm.faq.cloud-faqs_1.0.1/" />
      <feature configured = "true" url="features/com.ibm.etools.websphere.base.v5.core.feature_5.1.2/" />
      <feature configured = "true" url="features/com.ibm.etools.j2ee.tools.core.feature_5.1.2/" />
      <feature configured = "true" url="features/com.ibm.etools.ac.feature_5.1.2/" />
      <feature configured = "true" url="features/com.ibm.etools.database.tools.core.win32.feature_5.1.2/" />
      <feature configured = "true" url="features/com.ibm.faq.was4-faqs_1.0.1/" />
      <feature configured = "true" url="features/com.ibm.debug.pdt.win32_5.1.3/" />
      <feature configured = "true" url="features/com.ibm.wsad.doc.feature_5.1.2/" />
      <feature configured = "true" url="features/com.ibm.etools.j2ee.tools.feature_5.1.2/" />
      <feature configured = "true" url="features/com.ibm.websphere.aes.v4.feature_5.1.2/" />
      <feature configured = "true" url="features/com.ibm.faq.core_1.0.1/" />
      <feature configured = "true" url="features/com.ibm.etools.xml.editor.core.feature_5.1.2/" />
      <feature configured = "true" url="features/com.ibm.etools.websphere.base.v51.te.feature.nl1_5.1.2/" />
      <feature configured = "true" url="features/com.ibm.debug.spd_5.1.1/" />
      <feature configured = "true" url="features/com.ibm.etools.web.tools.win32.feature_5.1.2/" />
      <feature configured = "true" url="features/com.ibm.wsad_5.1.2/" />
      <feature configured = "true" url="features/com.ibm.etools.validation.feature_5.1.2/" />
      <feature configured = "true" url="features/com.ibm.wssd.win32_5.1.2/" />
      <feature configured = "true" url="features/com.ibm.wasexpress.win32_5.1.2/" />
      <feature configured = "true" url="features/com.ibm.etools.sqlj.feature_5.1.2/" />
      <feature configured = "true" url="features/com.ibm.etools.database.tools.feature_5.1.2/" />
      <feature configured = "true" url="features/com.ibm.etools.server.tools.core.feature_5.1.2/" />
      <feature configured = "true" url="features/com.ibm.etools.ejbdeploy.core.feature_5.1.2/" />
      <feature configured = "true" url="features/com.ibm.etools.serverattach_5.1.1/" />
      <feature configured = "true" url="features/com.ibm.wssd.examples.feature_5.1.2/" />
      <feature configured = "true" url="features/com.ibm.wssd_5.1.2/" />
      <feature configured = "true" url="features/com.ibm.etools.logging.util.feature_5.1.2/" />
      <feature configured = "true" url="features/com.ibm.etools.xml.tools.core.feature_5.1.2/" />
      <feature configured = "true" url="features/com.ibm.debug.help.doc_5.1.1/" />
      <feature configured = "true" url="features/com.ibm.faq.ws-base_1.0.2/" />
      <feature configured = "true" url="features/com.ibm.etools.rad.codegen.feature_5.1.2/" />
      <feature configured = "true" url="features/com.ibm.doc.feature_5.1.2/" />
      <feature configured = "true" url="features/com.ibm.etools.ejbdeploy.feature_5.1.2/" />
      <feature configured = "true" url="features/com.ibm.etools.server.tools.ejb.feature_5.1.2/" />
      <feature configured = "true" url="features/com.ibm.faq.wsad-faqs_1.0.2/" />
      <feature configured = "true" url="features/com.ibm.etools.struts.feature_5.1.2/" />
      <feature configured = "true" url="features/com.ibm.etools.xml.schema.feature_5.1.2/" />
      <feature configured = "true" url="features/com.ibm.etools.parser.feature_5.1.2/" />
      <feature configured = "true" url="features/com.ibm.etools.webservices.feature_5.1.2/" />
      <feature configured = "true" url="features/com.ibm.etools.xml.editor.feature_5.1.2/" />
      <feature configured = "true" url="features/com.ibm.etools.web.tools.bf.feature_5.1.2/" />
      <feature configured = "true" url="features/com.ibm.etools.webservices.ejb.feature_5.1.2/" />
      <feature configured = "true" url="features/com.ibm.etools.serverattach.v4_5.1.1/" />
      <feature configured = "true" url="features/com.ibm.faq.was5-faqs_1.0.1/" />
      <feature configured = "true" url="features/com.ibm.wsad.win32_5.1.2/" />
      <feature configured = "true" url="features/com.ibm.etools.xml.editor.win32.feature_5.1.2/" />
      <feature configured = "true" url="features/com.ibm.etools.web.tools.bf.feature.nl1_5.1.2/" />
      <feature configured = "true" url="features/com.ibm.etools.serverattach.generic_5.1.1/" />
      <feature configured = "true" url="features/com.ibm.etools.web.tools.enhancement.feature_5.1.2/" />
      <feature configured = "true" url="features/com.ibm.etools.server.tools.feature_5.1.2/" />
      <feature configured = "true" url="features/com.ibm.etools.websphere.base.v51.te.feature_5.1.2/" />
      <feature configured = "true" url="features/com.ibm.etools.common.util.feature_5.1.2/" />
      <feature configured = "true" url="features/com.ibm.etools.database.tools.core.feature_5.1.2/" />
      <feature configured = "true" url="features/com.ibm.wsad.prod.ga.win32_5.1.2/" />
      <feature configured = "true" url="features/com.ibm.etools.common.frameworks.feature_5.1.2/" />
      <feature configured = "true" url="features/com.rational.xtools.umlvisualizer_1.0.2/" />
      <feature configured = "true" url="features/com.ibm.debug.activescript.win32_5.1.1/" />
      <feature configured = "true" url="features/com.ibm.etools.webservices.core.feature_5.1.2/" />
      <feature configured = "true" url="features/com.ibm.etools.rad.feature_5.1.2/" />
      <feature configured = "true" url="features/com.ibm.etools.resources.common.feature_5.1.2/" />
      <feature configured = "true" url="features/com.ibm.etools.component.test.feature_5.1.2/" />
      <feature configured = "true" url="features/com.ibm.faq.was5x-faqs_1.0.1/" />
      <feature configured = "true" url="features/com.ibm.faq.wsad-prod.feature_1.0.2/" />
      <feature configured = "true" url="features/com.ibm.etools.j2ee.samples.feature_5.1.2/" />
      <feature configured = "true" url="features/com.ibm.debug.javascript_5.1.1/" />
      <feature configured = "true" url="features/com.ibm.etools.web.tools.feature_5.1.2/" />
      <feature configured = "true" url="features/com.ibm.wasexpress_5.1.2/" />
      <feature configured = "true" url="features/com.ibm.etools.xml.tools.feature_5.1.2/" />
      <feature configured = "true" url="features/com.ibm.etools.memory.analysis.feature_5.1.2/" />
      <feature configured = "true" url="features/com.ibm.etools.database.tools.win32.feature_5.1.2/" />
      <feature configured = "true" url="features/com.ibm.debug.wsa_5.1.2/" />
      <feature configured = "true" url="features/com.ibm.debug.pdt_5.1.3/" />
      <feature configured = "true" url="features/com.ibm.etools.websphere.v51.feature_5.1.2/" />
   </site>

   <site url="file:C:/Program Files (x86)/IBM/WebSphere Studio/Application Developer/v5.1.2/eclipse/"
      platformURL="platform:/base/"
      enable="true"
      policy="1" >
      <feature configured = "true" url="features/com.ibm.wswb.sdk.win32_2.1.3/" />
      <feature configured = "true" url="features/org.eclipse.jdt_2.1.3/" />
      <feature configured = "true" url="features/org.eclipse.gef.source_2.1.3/" />
      <feature configured = "true" url="features/com.ibm.wswb.win32_2.1.3/" />
      <feature configured = "true" url="features/org.eclipse.hyades.models_1.0.4/" />
      <feature configured = "true" url="features/com.ibm.wswb.sdk_2.1.2/" />
      <feature configured = "true" url="features/org.eclipse.emf.doc_1.1.1/" />
      <feature configured = "true" url="features/org.eclipse.xsd.doc_1.1.1/" />
      <feature configured = "true" url="features/org.eclipse.hyades.core_1.0.4/" />
      <feature configured = "true" url="features/org.eclipse.platform_2.1.3/" />
      <feature configured = "true" url="features/org.eclipse.pde_2.1.3/" />
      <feature configured = "true" url="features/com.ibm.wsappdev.ga.win32_5.1.2/" />
      <feature configured = "true" url="features/org.eclipse.platform.source_2.1.3/" />
      <feature configured = "true" url="features/org.eclipse.jdt.source_2.1.3/" />
      <feature configured = "true" url="features/org.eclipse.hyades_1.0.4/" />
      <feature configured = "true" url="features/org.eclipse.platform.win32.source_2.1.3/" />
      <feature configured = "true" url="features/org.eclipse.xsd.source_1.1.1/" />
      <feature configured = "true" url="features/org.eclipse.emf.source_1.1.1/" />
      <feature configured = "true" url="features/com.ibm.wswb_2.1.2/" />
      <feature configured = "true" url="features/org.eclipse.hyades.sdk_1.0.4/" />
      <feature configured = "true" url="features/org.eclipse.hyades.source_1.0.4/" />
      <feature configured = "true" url="features/org.eclipse.hyades.examples_1.0.4/" />
      <feature configured = "true" url="features/org.eclipse.emf_1.1.1/" />
      <feature configured = "true" url="features/org.eclipse.xsd_1.1.1.1/" />
      <feature configured = "true" url="features/org.eclipse.gef_2.1.3/" />
      <feature configured = "true" url="features/org.eclipse.platform.win32_2.1.3/" />
      <feature configured = "true" url="features/com.ibm.lpex_1.4.6/" />
      <feature configured = "true" url="features/org.eclipse.hyades.memory.analysis_1.0.4/" />
   </site>

   <activity action="3" 
      label="file:C:/Program Files (x86)/IBM/WebSphere Studio/Application Developer/v5.1.2/wstools/eclipse/" 
      date="1537418912639" 
      status="0">
   </activity>

   <activity action="3" 
      label="file:C:/Program Files (x86)/IBM/WebSphere Studio/Application Developer/v5.1.2/eclipse/" 
      date="1537418912659" 
      status="0">
   </activity>

   <activity action="8" 
      label="file:D:/Projects/FinacleAccessPortal/.metadata/.config/platform.cfg.metadata/v2LocalSite.xml" 
      date="1537418912705" 
      status="0">
   </activity>

</configuration>

